rank,indicator,indicatorName,coefficient,absoluteCoefficient,sign,hacStandardError,tStatistic,pValue,vif
1,cpi_core_cpi:headline,Headline CPI,-6.546697745540081,6.546697745540081,NEGATIVE,2.4132313300192685,-2.7128347225161416,0.006671139131051884,81.32230516204139
2,pce_price_index,PCE Inflation,4.878399245229948,4.878399245229948,POSITIVE,2.756056748710603,1.7700648753013757,0.07671624133399058,106.29990986138846
3,yield_curve_10y2y,10Y–2Y Yield Curve,2.729014891083898,2.729014891083898,POSITIVE,1.315082872448885,2.0751657163643658,0.03797104899424886,17.974375071590007
4,vix,VIX,-2.7189655374900354,2.7189655374900354,NEGATIVE,0.5320761096435173,-5.110106408107104,3.225431397524403e-7,3.125984818400414
5,yield_curve_10y3m,10Y–3M Yield Curve,-2.5228109417586557,2.5228109417586557,NEGATIVE,1.1609715529473346,-2.173017017819298,0.02977893133499343,15.050916082816938
6,gscpi,Global Supply Chain Pressure,2.0495131694751603,2.0495131694751603,POSITIVE,0.6157290349841437,3.328595945662916,0.0008729624208836384,2.7861298661232548
7,credit_card_delinquency,Credit Card Delinquency,1.9372085758453308,1.9372085758453308,POSITIVE,0.5950852498149747,3.255346316259145,0.0011326640529305543,4.19026959781386
8,cpi_core_cpi:core,Core CPI,1.606039881349502,1.606039881349502,POSITIVE,0.7358964517328199,2.182426450851543,0.02907797184139893,6.665981529857494
9,underemployment,U-6 Underemployment,-0.9622008363105118,0.9622008363105118,NEGATIVE,0.7705061202580835,-1.2487906468390146,0.2117417928078822,5.998355179643918
10,sahm_rule,Sahm Rule,0.9074266892118613,0.9074266892118613,POSITIVE,0.522666242722301,1.7361494105407307,0.08253734241052979,3.246287570372193
11,tips_breakeven,10Y TIPS Breakeven,-0.7069274031338163,0.7069274031338163,NEGATIVE,0.4460210296942368,-1.5849642865907916,0.11297445716887466,3.9505655102833632
12,nonfarm_payrolls,Nonfarm Payrolls,-0.6280453002708318,0.6280453002708318,NEGATIVE,0.1882562969998167,-3.3361184208963985,0.0008496817300478465,1.3340504446328132
13,consumer_confidence,University of Michigan Consumer Sentiment,-0.6127498118330756,0.6127498118330756,NEGATIVE,0.4796358656236123,-1.277531260170445,0.2014148887702525,3.5798025055340768
14,global_epu,Global Economic Policy Uncertainty,-0.5940091472748837,0.5940091472748837,NEGATIVE,0.3885137434284448,-1.528926987326219,0.12628258759061328,2.2065198500354977
15,trade_policy_uncertainty,Trade Policy Uncertainty,0.3503107259613158,0.3503107259613158,POSITIVE,0.3495655818247968,1.0021316290140156,0.3162800451530339,1.9422602640247812
16,credit_spread_baa10y,Baa–10Y Credit Spread,0.3212505811302894,0.3212505811302894,POSITIVE,0.48996195931432995,0.6556643327572999,0.512039995737988,3.293479834051373
17,permits_starts:permits,Building Permits,0.19904328344776057,0.19904328344776057,POSITIVE,0.3986281959995497,0.499320633726535,0.6175535191182573,2.4207084231644416
18,taiwan_cpi,Taiwan CPI,-0.1480061061894538,0.1480061061894538,NEGATIVE,0.42014588713485995,-0.35227312874288896,0.7246335676974134,2.4140975379854255
19,durable_goods,Durable Goods Orders,-0.09636432889807423,0.09636432889807423,NEGATIVE,0.5087597150493897,-0.1894102973320506,0.8497712876199497,3.242730776138046
20,global_gpr,Global GPR,-0.01317544327857401,0.01317544327857401,NEGATIVE,0.2425700250924409,-0.05431604038278425,0.9566832329417454,1.2567881477331753
